ManageProd_ShopNames,,
,42,
,385,
,417,
,487,
,495,
,507,
,514,
,644,
,667,
,731,
,930,
,1000,
,1013,
,1095,
,1127,
,1136,
,1141,
,1179,
,1188,
,1239,
,1260,
,1317,
,1340,
,1430,
,1554,
,1563,
,1582,
,1667,
,1668,
,1679,
,1693,
,1762,
,1782,
,1856,
,1907,
,1917,
,1986,
,2008,
,2133,
,2170,
,2203,
,2232,
,2273,
,2325,
,2377,
,2479,
,2520,
,2548,
,2579,
,2601,
,2609,
,2639,
,2747,
,2886,
,2924,
,2952,
,3052,
,3080,
,3115,
,3132,
,3162,
,3223,
,3259,
,3260,
,3321,
,3374,
,3478,
,3675,
,3728,
,3744,
,3853,
,3870,
,3914,
,3931,
,3959,
,4132,
,4163,
,4193,
,4207,
,4211,
,4299,
,4502,
,4617,
,4694,
,4706,
,4941,
,4949,
,4990,
,5093,
,5139,
,5155,
,5230,
,5336,
,5412,
,5494,
,5499,
,5529,
,5535,
,5542,
,5569,
,5592,
,5724,
,5782,
,5848,
,5850,
,5893,
,5895,
,5896,
,5927,
,5934,
,5976,
,5993,
,6013,
,6063,
,6151,
,6155,
,6209,
,6230,
,6249,
,6282,
,6298,
,6323,
,6348,
,6394,
,6402,
,6403,
,6411,
,6427,
,6433,
,6440,
,6474,
,6544,
,6555,
,6559,
,6560,
,6563,
,6583,
,6598,
,6602,
,6648,
,6657,
,6660,
,6680,
,6689,
,6694,
,6708,
,6716,
,6730,
,6736,
,6740,
,6744,
,6809,
,6814,
,6829,
,6841,
,6843,
,6876,
,6891,
,6960,
,6969,
,6977,
,6984,
,7038,
,7045,
,7047,
,7050,
,7054,
,7068,
,7081,
,7095,
,7138,
,7139,
,7154,
,7166,
,7208,
,7229,
,7271,
,7276,
,7282,
,7319,
,7320,
,7322,
,7347,
,7348,
,7433,
,7438,
,7473,
,7480,
,7483,
,7491,
,7498,
,7515,
,7528,
,7533,
,7540,
,7545,
,7550,
,7575,
,7576,
,7593,
,7606,
,7632,
,7641,
,7650,
,7651,
,7652,
,7663,
,7686,
,7690,
,7694,
,7695,
,7697,
,7702,
,7708,
,7712,
,7740,
,7767,
,7779,
,7780,
,7789,
,7803,
,7809,
,7842,
,7851,
,7855,
,7857,
,7870,
,7879,
,7880,
,7883,
,7887,
,7888,
,7901,
,7902,
,7916,
,7925,
,7940,
,7957,
,7966,
,7983,
,7990,
,7997,
,7998,
,8005,
,8008,
,8020,
,8024,
,8029,
,8034,
,8042,
,8055,
,8058,
,8059,
,8064,
,8082,
,8083,
,8090,
,8094,
,8104,
,8118,
,8124,
,8128,
,8130,
,8135,
,8148,
,8150,
,8153,
,8159,
,8170,
,8177,
,8236,
,8238,
,8240,
,8248,
,8254,
,8256,
,8259,
,8267,
,8278,
,8328,
,8346,
,8381,
,8384,
,8391,
,8424,
,8432,
,8488,
,8492,
,8493,
,8494,
,8498,
,8517,
,8534,
,8539,
,8541,
,8551,
,8554,
,8579,
,8595,
,8601,
,8646,
,8679,
,8717,
,8727,
,8744,
,8751,
,8783,
,8806,
,8846,
,8864,
,8887,
,8957,
,9250,
,9256,
,9369,
,9380,
,9398,
,9406,
,9427,
,9517,
,9523,
,9526,
,9533,
,9545,
,9593,
,9600,
,9606,
,9621,
,9644,
,9713,
,9739,
,9745,
,9753,
,9800,
,9810,
,9825,
,9831,
,9843,
,9859,
,9906,
,9921,
,9928,
,9940,
,9942,
,9965,
,9972,
,9973,
,9989,
,10000,
,10001,
,10007,
,10018,
,10036,
,10109,
,10126,
,10150,
,10164,
,10168,
,10221,
,10237,
,10277,
,10299,
,10356,
,10373,
,10395,
,10473,
,10476,
,10491,
,10496,
,10499,
,10526,
,10538,
,10553,
,10574,
,10589,
,10606,
,10622,
,10627,
,10629,
,10631,
,10694,
,10725,
,10735,
,10750,
,10785,
,10821,
,10932,
,10952,
,10961,
,10992,
,10996,
,11002,
,11047,
,11069,
,11078,
,11087,
,11118,
,11154,
,11157,
,11168,
,11188,
,11199,
,11225,
,11241,
,11270,
,11287,
,11293,
,11300,
,11342,
,11380,
,11399,
,11441,
,11446,
,11451,
,11455,
,11511,
,11565,
,11598,
,11635,
,11642,
,11655,
,11697,
,11723,
,11734,
,11741,
,11769,
,11774,
,11832,
,11834,
,11853,
,11860,
,11867,
,11890,
,11971,
,11988,
,12004,
,12009,
,12036,
,12041,
,12101,
,12135,
,12138,
,12158,
,12184,
,12196,
,12215,
,12247,
,12255,
,12281,
,12334,
,12338,
,12354,
,12358,
,12359,
,12374,
,12418,
,12421,
,12457,
,12471,
,12499,
,12505,
,12534,
,12541,
,12561,
,12603,
,12633,
,12669,
,12757,
,12761,
,12827,
,12833,
,12842,
,12866,
,12889,
,12892,
,12944,
,12950,
,12963,
,12979,
,12992,
,13004,
,13007,
,13033,
,13040,
,13200,
,13227,
,13234,
,13273,
,6053,
,,ManageProd_ShopNames
